"date","roc"
"2016-01-04","3.7106"
"2016-01-05","1.6461"
"2016-01-06","0.4564"
"2016-01-07","-1.9507"
"2016-01-08","-3.6584"
"2016-01-11","-4.7151"
"2016-01-12","-4.1113"
"2016-01-13","-5.0443"
"2016-01-14","-4.3816"
"2016-01-15","-6.9926"
"2016-01-19","-7.2492"
"2016-01-20","-8.9839"
"2016-01-21","-8.0886"
"2016-01-22","-6.114"
"2016-01-25","-7.7405"
"2016-01-26","-8.5258"
"2016-01-27","-8.7256"
"2016-01-28","-8.5439"
"2016-01-29","-7.4759"
"2016-02-01","-7.3829"
"2016-02-02","-8.5489"
"2016-02-03","-9.3773"
"2016-02-04","-9.1799"
"2016-02-05","-10.2537"
"2016-02-08","-12.0402"
"2016-02-09","-11.6488"
"2016-02-10","-10.5345"
"2016-02-11","-12.2207"
"2016-02-12","-10.7473"
"2016-02-16","-8.0263"
"2016-02-17","-5.3211"
"2016-02-18","-5.9349"
"2016-02-19","-6.9259"
"2016-02-22","-6.4302"
"2016-02-23","-7.5072"
"2016-02-24","-8.3146"
"2016-02-25","-6.9554"
"2016-02-26","-6.371"
"2016-02-29","-7.1568"
"2016-03-01","-5.9613"
"2016-03-02","-5.0754"
"2016-03-03","-5.2203"
"2016-03-04","-4.293"
"2016-03-07","-3.0024"
"2016-03-08","-4.5857"
"2016-03-09","-4.4268"
"2016-03-10","-3.7084"
"2016-03-11","-2.1207"
"2016-03-14","-1.7997"
"2016-03-15","-0.293"
"2016-03-16","0.4638"
"2016-03-17","-0.2248"
"2016-03-18","-1.3296"
"2016-03-21","-0.7716"
"2016-03-22","1.7552"
"2016-03-23","1.1447"
"2016-03-24","-0.1445"
"2016-03-28","-1.1124"
"2016-03-29","-0.7547"
"2016-03-30","0.6624"
"2016-03-31","-0.7078"
"2016-04-01","-0.139"
"2016-04-04","0.9093"
"2016-04-05","2.2809"
"2016-04-06","2.2509"
"2016-04-07","2.7025"
"2016-04-08","4.9805"
"2016-04-11","5.9808"
"2016-04-12","7.0445"
"2016-04-13","7.5239"
"2016-04-14","9.1143"
"2016-04-15","8.8156"
"2016-04-18","11.2847"
"2016-04-19","11.4588"
"2016-04-20","13.7575"
"2016-04-21","12.0796"
"2016-04-22","9.8236"
"2016-04-25","10.5467"
"2016-04-26","10.2066"
"2016-04-27","10.6678"
"2016-04-28","10.1859"
"2016-04-29","7.1015"
"2016-05-02","7.325"
"2016-05-03","8.1463"
"2016-05-04","7.9098"
"2016-05-05","7.1582"
"2016-05-06","8.5653"
"2016-05-09","11.4208"
"2016-05-10","12.2379"
"2016-05-11","11.2416"
"2016-05-12","13.0225"
"2016-05-13","10.5448"
"2016-05-16","9.1305"
"2016-05-17","6.6995"
"2016-05-18","6.5433"
"2016-05-19","6.4198"
"2016-05-20","5.6433"
"2016-05-23","6.4303"
"2016-05-24","8.0201"
"2016-05-25","7.364"
"2016-05-26","7.0483"
"2016-05-27","8.0327"
"2016-05-31","6.5914"
"2016-06-01","5.7667"
"2016-06-02","5.5865"
"2016-06-03","4.8301"
"2016-06-06","5.4451"
"2016-06-07","6.5361"
"2016-06-08","6.5228"
"2016-06-09","6.271"
"2016-06-10","4.1762"
"2016-06-13","3.2702"
"2016-06-14","2.9633"
"2016-06-15","2.617"
"2016-06-16","1.616"
"2016-06-17","1.0621"
"2016-06-20","1.9237"
"2016-06-21","1.9206"
"2016-06-22","2.4535"
"2016-06-23","3.7713"
"2016-06-24","1.1479"
"2016-06-27","-2.1085"
"2016-06-28","-1.7672"
"2016-06-29","0.1701"
"2016-06-30","1.22"
"2016-07-01","1.6941"
"2016-07-05","1.7678"
"2016-07-06","1.5611"
"2016-07-07","2.6461"
"2016-07-08","3.6062"
"2016-07-11","4.3029"
"2016-07-12","4.5156"
"2016-07-13","3.4963"
"2016-07-14","3.8833"
"2016-07-15","3.9785"
"2016-07-18","3.7025"
"2016-07-19","3.0221"
"2016-07-20","3.2106"
"2016-07-21","3.4036"
"2016-07-22","3.9079"
"2016-07-25","3.9804"
"2016-07-26","3.6503"
"2016-07-27","3.5395"
"2016-07-28","4.079"
"2016-07-29","5.2224"
"2016-08-01","4.5682"
"2016-08-02","4.6438"
"2016-08-03","5.2464"
"2016-08-04","5.203"
"2016-08-05","6.0858"
"2016-08-08","5.9354"
"2016-08-09","5.0003"
"2016-08-10","5.1051"
"2016-08-11","5.8313"
"2016-08-12","6.3571"
"2016-08-15","6.2131"
"2016-08-16","6.2869"
"2016-08-17","6.3561"
"2016-08-18","7.2688"
"2016-08-19","6.2584"
"2016-08-22","6.3502"
"2016-08-23","5.6601"
"2016-08-24","4.3387"
"2016-08-25","3.9951"
"2016-08-26","3.6034"
"2016-08-29","3.9256"
"2016-08-30","3.8593"
"2016-08-31","3.2516"
"2016-09-01","3.385"
"2016-09-02","3.3632"
"2016-09-06","3.2241"
"2016-09-07","3.1339"
"2016-09-08","3.1645"
"2016-09-09","2.094"
"2016-09-12","2.9163"
"2016-09-13","2.7545"
"2016-09-14","2.515"
"2016-09-15","3.4103"
"2016-09-16","3.2544"
"2016-09-19","2.5767"
"2016-09-20","2.5994"
"2016-09-21","3.1589"
"2016-09-22","3.2443"
"2016-09-23","5.1783"
"2016-09-26","7.2735"
"2016-09-27","6.1427"
"2016-09-28","4.8293"
"2016-09-29","3.1986"
"2016-09-30","3.03"
"2016-10-03","3.4645"
"2016-10-04","2.9241"
"2016-10-05","2.9071"
"2016-10-06","1.6013"
"2016-10-07","0.7979"
"2016-10-10","0.8032"
"2016-10-11","-0.4607"
"2016-10-12","-1.1427"
"2016-10-13","-1.5953"
"2016-10-14","-1.2086"
"2016-10-17","-1.5601"
"2016-10-18","-1.4386"
"2016-10-19","-1.0351"
"2016-10-20","-1.4017"
"2016-10-21","-1.3637"
"2016-10-24","-0.7681"
"2016-10-25","-0.967"
"2016-10-26","-1.3146"
"2016-10-27","-1.5243"
"2016-10-28","-1.9693"
"2016-10-31","-1.368"
"2016-11-01","-2.1558"
"2016-11-02","-2.6829"
"2016-11-03","-3.8816"
"2016-11-04","-4.2014"
"2016-11-07","-3.0317"
"2016-11-08","-1.8384"
"2016-11-09","-1.4827"
"2016-11-10","-0.7189"
"2016-11-11","-1.3734"
"2016-11-14","-0.7669"
"2016-11-15","-0.0856"
"2016-11-16","-0.3872"
"2016-11-17","0.1435"
"2016-11-18","0.1374"
"2016-11-21","0.2829"
"2016-11-22","1.0671"
"2016-11-23","1.2402"
"2016-11-25","1.7513"
"2016-11-28","1.2056"
"2016-11-29","1.312"
"2016-11-30","1.6743"
"2016-12-01","1.2747"
"2016-12-02","0.6489"
"2016-12-05","1.0381"
"2016-12-06","1.153"
"2016-12-07","2.2956"
"2016-12-08","4.9024"
"2016-12-09","5.1049"
"2016-12-12","5.9434"
"2016-12-13","6.676"
"2016-12-14","5.5487"
"2016-12-15","6.3912"
"2016-12-16","5.3748"
"2016-12-19","5.4943"
"2016-12-20","5.2008"
"2016-12-21","4.0788"
"2016-12-22","4.2065"
"2016-12-23","5.1532"
"2016-12-27","5.2925"
"2016-12-28","4.1795"
"2016-12-29","4.2581"
"2016-12-30","3.4388"
"2017-01-03","4.3425"
"2017-01-04","5.2881"
"2017-01-05","4.8479"
"2017-01-06","5.305"
"2017-01-09","5.3321"
"2017-01-10","4.7885"
"2017-01-11","5.9275"
"2017-01-12","5.8031"
"2017-01-13","6.7936"
"2017-01-17","5.9282"
"2017-01-18","6.5069"
"2017-01-19","5.7743"
"2017-01-20","5.8364"
"2017-01-23","5.7223"
"2017-01-24","6.4183"
"2017-01-25","6.6637"
"2017-01-26","6.9846"
"2017-01-27","7.2112"
"2017-01-30","6.4428"
"2017-01-31","6.7802"
"2017-02-01","7.06"
"2017-02-02","7.7478"
"2017-02-03","9.0911"
"2017-02-06","9.4537"
"2017-02-07","9.6519"
"2017-02-08","8.1983"
"2017-02-09","7.7239"
"2017-02-10","7.4448"
"2017-02-13","7.2934"
"2017-02-14","7.8851"
"2017-02-15","8.2931"
"2017-02-16","7.7094"
"2017-02-17","7.756"
"2017-02-21","8.037"
"2017-02-22","8.016"
"2017-02-23","7.5182"
"2017-02-24","7.2364"
"2017-02-27","7.4954"
"2017-02-28","6.8289"
"2017-03-01","8.4778"
"2017-03-02","8.0798"
"2017-03-03","7.8867"
"2017-03-06","8.0961"
"2017-03-07","7.94"
"2017-03-08","7.2086"
"2017-03-09","6.8875"
"2017-03-10","6.2104"
"2017-03-13","5.5991"
"2017-03-14","4.7051"
"2017-03-15","5.4067"
"2017-03-16","4.7841"
"2017-03-17","4.7904"
"2017-03-20","4.3996"
"2017-03-21","4.3105"
"2017-03-22","3.7406"
"2017-03-23","3.5531"
"2017-03-24","3.5207"
"2017-03-27","3.4184"
"2017-03-28","4.0834"
"2017-03-29","3.9882"
"2017-03-30","4.8604"
"2017-03-31","5.1777"
"2017-04-03","5.0932"
"2017-04-04","4.544"
"2017-04-05","4.0902"
"2017-04-06","4.0459"
"2017-04-07","3.6689"
"2017-04-10","3.8797"
"2017-04-11","3.4798"
"2017-04-12","3.379"
"2017-04-13","3.1361"
"2017-04-17","3.0655"
"2017-04-18","3.3307"
"2017-04-19","3.2556"
"2017-04-20","3.9288"
"2017-04-21","3.5308"
"2017-04-24","4.5575"
"2017-04-25","4.8919"
"2017-04-26","4.1635"
"2017-04-27","3.9939"
"2017-04-28","4.0185"
"2017-05-01","4.968"
"2017-05-02","5.0774"
"2017-05-03","4.671"
"2017-05-04","4.8001"
"2017-05-05","4.4737"
"2017-05-08","4.652"
"2017-05-09","4.5612"
"2017-05-10","4.6511"
"2017-05-11","3.8058"
"2017-05-12","3.3405"
"2017-05-15","3.1953"
"2017-05-16","2.9747"
"2017-05-17","1.1657"
"2017-05-18","0.8839"
"2017-05-19","1.4983"
"2017-05-22","1.3207"
"2017-05-23","1.5734"
"2017-05-24","1.745"
"2017-05-25","2.2371"
"2017-05-26","2.0105"
"2017-05-30","2.1158"
"2017-05-31","0.7641"
"2017-06-01","1.7219"
"2017-06-02","2.356"
"2017-06-05","2.6949"
"2017-06-06","2.6394"
"2017-06-07","2.7878"
"2017-06-08","3.0204"
"2017-06-09","2.5369"
"2017-06-12","2.2794"
"2017-06-13","3.1549"
"2017-06-14","2.3362"
"2017-06-15","1.9922"
"2017-06-16","2.1165"
"2017-06-19","3.1557"
"2017-06-20","3.5947"
"2017-06-21","3.8479"
"2017-06-22","3.7043"
"2017-06-23","3.8825"
"2017-06-26","4.5155"
"2017-06-27","3.0883"
"2017-06-28","3.3084"
"2017-06-29","2.3938"
"2017-06-30","2.5652"
"2017-07-03","3.1945"
"2017-07-05","3.098"
"2017-07-06","2.2937"
"2017-07-07","2.6972"
"2017-07-10","2.9879"
"2017-07-11","2.7268"
"2017-07-12","3.9697"
"2017-07-13","4.2646"
"2017-07-14","5.1936"
"2017-07-17","4.95"
"2017-07-18","4.9341"
"2017-07-19","5.4777"
"2017-07-20","5.1094"
"2017-07-21","5.1049"
"2017-07-24","4.363"
"2017-07-25","3.7844"
"2017-07-26","3.6396"
"2017-07-27","3.5428"
"2017-07-28","3.5192"
"2017-07-31","3.4537"
"2017-08-01","3.5598"
"2017-08-02","3.685"
"2017-08-03","3.5613"
"2017-08-04","3.3519"
"2017-08-07","3.3892"
"2017-08-08","3.3854"
"2017-08-09","3.0227"
"2017-08-10","2.3456"
"2017-08-11","2.1741"
"2017-08-14","2.5951"
"2017-08-15","2.6778"
"2017-08-16","4.1186"
"2017-08-17","3.2157"
"2017-08-18","2.0205"
"2017-08-21","1.3759"
"2017-08-22","2.0575"
"2017-08-23","1.7331"
"2017-08-24","1.1203"
"2017-08-25","1.3102"
"2017-08-28","1.2989"
"2017-08-29","1.239"
"2017-08-30","1.1766"
"2017-08-31","1.3272"
"2017-09-01","1.6105"
"2017-09-05","1.1255"
"2017-09-06","1.3691"
"2017-09-07","1.2663"
"2017-09-08","1.3171"
"2017-09-11","2.3822"
"2017-09-12","2.2955"
"2017-09-13","2.399"
"2017-09-14","2.7355"
"2017-09-15","2.7438"
"2017-09-18","2.2173"
"2017-09-19","2.6539"
"2017-09-20","2.7739"
"2017-09-21","2.6817"
"2017-09-22","2.6032"
"2017-09-25","2.1677"
"2017-09-26","2.971"
"2017-09-27","2.7377"
"2017-09-28","3.5019"
"2017-09-29","3.6621"
"2017-10-02","3.8651"
"2017-10-03","4.1926"
"2017-10-04","5.013"
"2017-10-05","5.1852"
"2017-10-06","4.951"
"2017-10-09","5.0593"
"2017-10-10","4.3937"
"2017-10-11","4.3167"
"2017-10-12","3.8364"
"2017-10-13","3.8126"
"2017-10-16","4.0174"
"2017-10-17","3.5095"
"2017-10-18","3.5331"
"2017-10-19","3.5137"
"2017-10-20","4.0455"
"2017-10-23","3.672"
"2017-10-24","3.6627"
"2017-10-25","3.3366"
"2017-10-26","3.6887"
"2017-10-27","4.1105"
"2017-10-30","3.9404"
"2017-10-31","4.045"
"2017-11-01","4.3256"
"2017-11-02","3.956"
"2017-11-03","4.1905"
"2017-11-06","4.4509"
"2017-11-07","4.7919"
"2017-11-08","5.8019"
"2017-11-09","5.4936"
"2017-11-10","4.7193"
"2017-11-13","4.6669"
"2017-11-14","4.2027"
"2017-11-15","4.9824"
"2017-11-16","6.3133"
"2017-11-17","6.3591"
"2017-11-20","5.4546"
"2017-11-21","6.0891"
"2017-11-22","6.3527"
"2017-11-24","6.3222"
"2017-11-27","6.4208"
"2017-11-28","7.2981"
"2017-11-29","7.0005"
"2017-11-30","7.2062"
"2017-12-01","6.2769"
"2017-12-04","7.649"
"2017-12-05","6.884"
"2017-12-06","6.6357"
"2017-12-07","6.9528"
"2017-12-08","6.5007"
"2017-12-11","6.4851"
"2017-12-12","6.7309"
"2017-12-13","6.7932"
"2017-12-14","6.8844"
"2017-12-15","6.6505"
"2017-12-18","7.3555"
"2017-12-19","7.1573"
"2017-12-20","7.1457"
"2017-12-21","7.3761"
"2017-12-22","7.4328"
"2017-12-26","7.2139"
"2017-12-27","7.0255"
"2017-12-28","7.0387"
"2017-12-29","6.5592"
"2018-01-02","6.4887"
"2018-01-03","6.8722"
"2018-01-04","7.2646"
"2018-01-05","7.395"
"2018-01-08","7.6129"
"2018-01-09","8.0769"
"2018-01-10","7.5702"
"2018-01-11","8.1689"
"2018-01-12","8.9049"
"2018-01-16","8.9402"
"2018-01-17","9.2748"
"2018-01-18","9.362"
"2018-01-19","9.4881"
"2018-01-22","10.3816"
"2018-01-23","10.2932"
"2018-01-24","10.4049"
"2018-01-25","10.4517"
"2018-01-26","11.9606"
"2018-01-29","11.4947"
"2018-01-30","9.9179"
"2018-01-31","9.7462"
"2018-02-01","9.5826"
"2018-02-02","7.5163"
"2018-02-05","4.0906"
"2018-02-06","3.0068"
"2018-02-07","4.0641"
"2018-02-08","0.938"
"2018-02-09","0.1996"
"2018-02-12","2.7286"
"2018-02-13","2.8666"
"2018-02-14","3.8363"
"2018-02-15","5.5356"
"2018-02-16","6.6828"
"2018-02-20","5.2172"
"2018-02-21","5.2298"
"2018-02-22","4.9582"
"2018-02-23","5.4236"
"2018-02-26","6.6313"
"2018-02-27","5.9808"
"2018-02-28","4.8849"
"2018-03-01","2.6004"
"2018-03-02","1.9124"
"2018-03-05","2.2599"
"2018-03-06","3.4053"
"2018-03-07","2.6591"
"2018-03-08","3.7125"
"2018-03-09","5.4959"
"2018-03-12","5.6947"
"2018-03-13","4.7921"
"2018-03-14","3.736"
"2018-03-15","3.1969"
"2018-03-16","2.8428"
"2018-03-19","1.8823"
"2018-03-20","1.7348"
"2018-03-21","1.132"
"2018-03-22","-0.8583"
"2018-03-23","-2.6968"
"2018-03-26","-1.6582"
"2018-03-27","-1.9749"
"2018-03-28","-2.5539"
"2018-03-29","-1.7218"
"2018-04-02","-3.4821"
"2018-04-03","-2.8839"
"2018-04-04","-2.5417"
"2018-04-05","-1.6628"
"2018-04-06","-3.8659"
"2018-04-09","-4.048"
"2018-04-10","-3.268"
"2018-04-11","-3.7724"
"2018-04-12","-2.8571"
"2018-04-13","-3.6405"
"2018-04-16","-3.6666"
"2018-04-17","-2.8119"
"2018-04-18","-2.9965"
"2018-04-19","-3.7234"
"2018-04-20","-4.605"
"2018-04-23","-5.4028"
"2018-04-24","-6.7163"
"2018-04-25","-7.1918"
"2018-04-26","-6.132"
"2018-04-27","-6.7396"
"2018-04-30","-6.8699"
"2018-05-01","-6.5505"
"2018-05-02","-6.4123"
"2018-05-03","-7.1322"
"2018-05-04","-4.4676"
"2018-05-07","-0.254"
"2018-05-08","0.2345"
"2018-05-09","-0.1424"
"2018-05-10","3.9878"
"2018-05-11","5.0834"
"2018-05-14","3.2002"
"2018-05-15","2.112"
"2018-05-16","1.5201"
"2018-05-17","0.1878"
"2018-05-18","-0.781"
"2018-05-21","0.5334"
"2018-05-22","0.5388"
"2018-05-23","0.5719"
"2018-05-24","-0.4716"
"2018-05-25","-1.7542"
"2018-05-29","-2.3873"
"2018-05-30","-0.365"
"2018-05-31","0.8452"
"2018-06-01","2.0221"
"2018-06-04","1.4347"
"2018-06-05","0.9004"
"2018-06-06","1.697"
"2018-06-07","1.3682"
"2018-06-08","0.0024"
"2018-06-11","-0.0323"
"2018-06-12","0.3937"
"2018-06-13","0.8841"
"2018-06-14","1.2203"
"2018-06-15","0.76"
"2018-06-18","1.807"
"2018-06-19","1.4739"
"2018-06-20","1.7681"
"2018-06-21","3.518"
"2018-06-22","5.7149"
"2018-06-25","3.0091"
"2018-06-26","3.6555"
"2018-06-27","4.0138"
"2018-06-28","2.9026"
"2018-06-29","5.2653"
"2018-07-02","4.3933"
"2018-07-03","3.796"
"2018-07-05","2.5923"
"2018-07-06","5.2553"
"2018-07-09","5.9279"
"2018-07-10","5.2659"
"2018-07-11","4.8727"
"2018-07-12","4.8133"
"2018-07-13","5.2065"
"2018-07-16","4.5384"
"2018-07-17","3.7021"
"2018-07-18","3.7878"
"2018-07-19","4.1798"
"2018-07-20","4.7898"
"2018-07-23","4.9862"
"2018-07-24","6.6343"
"2018-07-25","7.7415"
"2018-07-26","6.604"
"2018-07-27","5.7818"
"2018-07-30","5.5432"
"2018-07-31","6.506"
"2018-08-01","6.503"
"2018-08-02","7.5284"
"2018-08-03","7.0067"
"2018-08-06","6.464"
"2018-08-07","7.1841"
"2018-08-08","6.1813"
"2018-08-09","5.0735"
"2018-08-10","3.914"
"2018-08-13","3.4915"
"2018-08-14","4.6522"
"2018-08-15","3.4763"
"2018-08-16","4.4208"
"2018-08-17","4.8754"
"2018-08-20","4.4858"
"2018-08-21","4.9152"
"2018-08-22","4.9857"
"2018-08-23","5.0637"
"2018-08-24","5.5071"
"2018-08-27","7.4769"
"2018-08-28","6.5675"
"2018-08-29","7.3025"
"2018-08-30","6.2717"
"2018-08-31","5.5874"
"2018-09-04","5.3212"
"2018-09-05","4.4036"
"2018-09-06","3.9255"
"2018-09-07","3.5902"
"2018-09-10","3.4416"
"2018-09-11","3.4838"
"2018-09-12","3.8118"
"2018-09-13","4.2757"
"2018-09-14","5.0796"
"2018-09-17","4.9528"
"2018-09-18","5.73"
"2018-09-19","5.4885"
"2018-09-20","6.6586"
"2018-09-21","6.3029"
"2018-09-24","7.2715"
"2018-09-25","7.1084"
"2018-09-26","7.2784"
"2018-09-27","7.5906"
"2018-09-28","6.8448"
"2018-10-01","7.6863"
"2018-10-02","7.4616"
"2018-10-03","7.2193"
"2018-10-04","5.3849"
"2018-10-05","3.8385"
"2018-10-08","3.0563"
"2018-10-09","3.8019"
"2018-10-10","0.7999"
"2018-10-11","-1.9984"
"2018-10-12","-1.5"
"2018-10-15","-1.673"
"2018-10-16","-0.5948"
"2018-10-17","-0.1238"
"2018-10-18","-0.979"
"2018-10-19","-1.0325"
"2018-10-22","-2.133"
"2018-10-23","-3.8333"
"2018-10-24","-5.4977"
"2018-10-25","-4.4346"
"2018-10-26","-5.0392"
"2018-10-29","-5.8988"
"2018-10-30","-5.2318"
"2018-10-31","-3.5717"
"2018-11-01","-3.763"
"2018-11-02","-4.2353"
"2018-11-05","-4.4443"
"2018-11-06","-3.8117"
"2018-11-07","-1.9592"
"2018-11-08","-1.017"
"2018-11-09","-1.7511"
"2018-11-12","-3.3543"
"2018-11-13","-3.0599"
"2018-11-14","-4.5985"
"2018-11-15","-4.7331"
"2018-11-16","-4.3201"
"2018-11-19","-5.6798"
"2018-11-20","-7.4827"
"2018-11-21","-7.1059"
"2018-11-23","-8.1735"
"2018-11-26","-7.8044"
"2018-11-27","-7.7356"
"2018-11-28","-6.3703"
"2018-11-29","-5.6617"
"2018-11-30","-5.1734"
"2018-12-03","-3.625"
"2018-12-04","-5.4884"
"2018-12-06","-7.2168"
"2018-12-07","-7.6001"
"2018-12-10","-8.9212"
"2018-12-11","-8.2141"
"2018-12-12","-7.7634"
"2018-12-13","-8.5896"
"2018-12-14","-10.0671"
"2018-12-17","-11.4688"
"2018-12-18","-12.1244"
"2018-12-19","-13.0165"
"2018-12-20","-15.399"
"2018-12-21","-16.7191"
"2018-12-24","-18.724"
"2018-12-26","-16.8133"
"2018-12-27","-15.6288"
"2018-12-28","-14.564"
"2018-12-31","-14.2634"
"2019-01-02","-14.6521"
"2019-01-03","-15.8401"
"2019-01-04","-14.1033"
"2019-01-07","-12.2441"
"2019-01-08","-11.1337"
"2019-01-09","-10.2688"
"2019-01-10","-10.3693"
"2019-01-11","-8.0739"
"2019-01-14","-6.0042"
"2019-01-15","-5.6396"
"2019-01-16","-5.1094"
"2019-01-17","-6.0254"
"2019-01-18","-5.0908"
"2019-01-22","-5.1068"
"2019-01-23","-5.0733"
"2019-01-24","-4.4691"
"2019-01-25","-2.564"
"2019-01-28","-1.7915"
"2019-01-29","-2.1878"
"2019-01-30","0.2166"
"2019-01-31","1.7268"
"2019-02-01","1.4305"
"2019-02-04","-0.0774"
"2019-02-05","0.0978"
"2019-02-06","0.1579"
"2019-02-07","-1.0711"
"2019-02-08","-1.7956"
"2019-02-11","-3.2233"
"2019-02-12","-2.3759"
"2019-02-13","-0.9242"
"2019-02-14","0.1058"
"2019-02-15","1.4988"
"2019-02-19","2.415"
"2019-02-20","2.5824"
"2019-02-21","1.4859"
"2019-02-22","3.1275"
"2019-02-25","5.7902"
"2019-02-26","5.1858"
"2019-02-27","5.7044"
"2019-02-28","4.4792"
"2019-03-01","4.6931"
"2019-03-04","2.5224"
"2019-03-05","1.8529"
"2019-03-06","0.9789"
"2019-03-07","-1.3306"
"2019-03-08","0.3089"
"2019-03-11","3.7445"
"2019-03-12","5.1403"
"2019-03-13","7.1295"
"2019-03-14","6.1915"
"2019-03-15","5.5037"
"2019-03-18","6.1871"
"2019-03-19","8.1367"
"2019-03-20","9.8539"
"2019-03-21","10.9864"
"2019-03-22","10.8183"
"2019-03-25","12.5673"
"2019-03-26","15.3986"
"2019-03-27","18.3085"
"2019-03-28","15.8197"
"2019-03-29","15.1145"
"2019-04-01","14.8592"
"2019-04-02","14.6754"
"2019-04-03","15.0654"
"2019-04-04","16.8647"
"2019-04-05","14.8976"
"2019-04-08","13.5233"
"2019-04-09","12.2396"
"2019-04-10","11.7609"
"2019-04-11","11.7757"
"2019-04-12","12.1119"
"2019-04-15","12.6005"
"2019-04-16","11.7877"
"2019-04-17","11.0165"
"2019-04-18","10.4418"
"2019-04-22","9.2085"
"2019-04-23","11.0852"
"2019-04-24","11.2314"
"2019-04-25","10.8542"
"2019-04-26","10.2997"
"2019-04-29","11.6991"
"2019-04-30","11.3658"
"2019-05-01","9.772"
"2019-05-02","8.1382"
"2019-05-03","8.5423"
"2019-05-06","7.5835"
"2019-05-07","5.6365"
"2019-05-08","5.6027"
"2019-05-09","5.8409"
"2019-05-10","6.2383"
"2019-05-13","3.9574"
"2019-05-14","3.58"
"2019-05-15","3.2357"
"2019-05-16","4.8342"
"2019-05-17","3.448"
"2019-05-20","2.4169"
"2019-05-21","2.9248"
"2019-05-22","3.0714"
"2019-05-23","1.1987"
"2019-05-24","1.0485"
"2019-05-28","0.7048"
"2019-05-29","-0.2308"
"2019-05-30","0.0514"
"2019-05-31","-1.4867"
"2019-06-03","-1.6585"
"2019-06-04","0.0764"
"2019-06-05","1.537"
"2019-06-06","3.2503"
"2019-06-07","4.9554"
"2019-06-10","4.3699"
"2019-06-11","3.5865"
"2019-06-12","2.5414"
"2019-06-13","2.9052"
"2019-06-14","2.8145"
"2019-06-17","2.6563"
"2019-06-18","3.3944"
"2019-06-19","3.8811"
"2019-06-20","4.0917"
"2019-06-21","4.874"
"2019-06-24","5.3557"
"2019-06-25","3.8286"
"2019-06-26","4.0258"
"2019-06-27","3.9786"
"2019-06-28","3.7923"
"2019-07-01","3.5638"
"2019-07-02","3.5356"
"2019-07-03","4.0364"
"2019-07-05","3.7716"
"2019-07-08","3.0643"
"2019-07-09","2.9038"
"2019-07-10","3.9393"
"2019-07-11","3.8311"
"2019-07-12","4.1937"
"2019-07-15","3.8187"
"2019-07-16","3.5312"
"2019-07-17","2.8415"
"2019-07-18","2.8636"
"2019-07-19","2.9022"
"2019-07-22","2.7202"
"2019-07-23","2.4919"
"2019-07-24","2.7933"
"2019-07-25","2.8039"
"2019-07-26","3.0428"
"2019-07-29","2.562"
"2019-07-30","2.397"
"2019-07-31","1.7381"
"2019-08-01","1.8628"
"2019-08-02","-0.2308"
"2019-08-05","-2.4319"
"2019-08-06","-0.5124"
"2019-08-07","-0.5788"
"2019-08-08","2.2116"
"2019-08-09","1.7653"
"2019-08-12","2.6555"
"2019-08-13","2.7883"
"2019-08-14","0.494"
"2019-08-15","-1.158"
"2019-08-16","0.3874"
"2019-08-19","2.7924"
"2019-08-20","1.5611"
"2019-08-21","2.2871"
"2019-08-22","3.6375"
"2019-08-23","1.4145"
"2019-08-26","2.031"
"2019-08-27","3.4171"
"2019-08-28","3.1462"
"2019-08-29","5.8867"
"2019-08-30","6.5396"
"2019-09-03","4.0295"
"2019-09-04","4.0342"
"2019-09-05","4.4236"
"2019-09-06","3.7101"
"2019-09-09","2.9862"
"2019-09-10","2.7427"
"2019-09-11","3.7979"
"2019-09-12","4.1443"
"2019-09-13","4.1886"
"2019-09-16","3.6811"
"2019-09-17","2.82"
"2019-09-18","2.5485"
"2019-09-19","2.1597"
"2019-09-20","1.4808"
"2019-09-23","1.4506"
"2019-09-24","1.7586"
"2019-09-25","1.939"
"2019-09-26","1.8137"
"2019-09-27","0.9652"
"2019-09-30","0.3755"
"2019-10-01","-0.3267"
"2019-10-02","-3.1778"
"2019-10-03","-3.0702"
"2019-10-04","-1.2611"
"2019-10-07","-1.02"
"2019-10-08","-3.0333"
"2019-10-09","-2.6151"
"2019-10-10","-2.4909"
"2019-10-11","-1.2094"
"2019-10-14","-1.3232"
"2019-10-15","0.0156"
"2019-10-16","0.0782"
"2019-10-17","0.4272"
"2019-10-18","0.1074"
"2019-10-21","0.0957"
"2019-10-22","-0.3492"
"2019-10-23","-0.1989"
"2019-10-24","-0.4376"
"2019-10-25","-0.0929"
"2019-10-28","0.963"
"2019-10-29","1.8426"
"2019-10-30","2.3616"
"2019-10-31","3.5949"
"2019-11-01","7.4167"
"2019-11-04","7.2327"
"2019-11-05","7.3158"
"2019-11-06","5.0568"
"2019-11-07","5.8296"
"2019-11-08","6.7232"
"2019-11-11","5.7319"
"2019-11-12","8.2602"
"2019-11-13","8.634"
"2019-11-14","7.4621"
"2019-11-15","6.5051"
"2019-11-18","7.2134"
"2019-11-19","6.7056"
"2019-11-20","6.2725"
"2019-11-21","8.0817"
"2019-11-22","8.1792"
"2019-11-25","8.793"
"2019-11-26","9.0604"
"2019-11-27","7.8713"
"2019-11-29","7.4467"
"2019-12-02","7.5586"
"2019-12-03","5.2146"
"2019-12-04","4.856"
"2019-12-05","4.5425"
"2019-12-06","5.5544"
"2019-12-09","5.6663"
"2019-12-10","4.7365"
"2019-12-11","4.247"
"2019-12-12","5.0169"
"2019-12-13","5.6908"
"2019-12-16","6.1229"
"2019-12-17","6.5226"
"2019-12-18","6.0757"
"2019-12-19","7.256"
"2019-12-20","7.5586"
"2019-12-23","8.2435"
"2019-12-24","8.268"
"2019-12-26","8.6734"
"2019-12-27","9.233"
"2019-12-30","8.3674"
"2019-12-31","8.9793"
"2020-01-02","12.2465"
"2020-01-03","11.7201"
"2020-01-06","9.9618"
"2020-01-07","9.9193"
"2020-01-08","11.973"
"2020-01-09","12.0497"
"2020-01-10","11.3746"
"2020-01-13","10.1744"
"2020-01-14","10.6644"
"2020-01-15","9.9291"
"2020-01-16","10.6993"
"2020-01-17","10.7946"
"2020-01-21","11.1695"
"2020-01-22","10.7125"
"2020-01-23","10.5116"
"2020-01-24","10.0565"
"2020-01-27","7.8122"
"2020-01-28","8.2857"
"2020-01-29","7.8665"
"2020-01-30","7.5612"
"2020-01-31","6.4732"
"2020-02-03","7.0733"
"2020-02-04","7.6025"
"2020-02-05","8.0546"
"2020-02-06","8.6051"
"2020-02-07","8.3895"
"2020-02-10","8.1179"
"2020-02-11","8.8641"
"2020-02-12","9.4507"
"2020-02-13","9.017"
"2020-02-14","9.2011"
"2020-02-18","8.8787"
"2020-02-19","8.6745"
"2020-02-20","7.9052"
"2020-02-21","7.0557"
"2020-02-24","4.8879"
"2020-02-25","1.9642"
"2020-02-26","0.8862"
"2020-02-27","-3.4238"
"2020-02-28","-6.5571"
"2020-03-02","-3.4506"
"2020-03-03","-3.3757"
"2020-03-04","-0.8726"
"2020-03-05","-1.6603"
"2020-03-06","-5.0787"
"2020-03-09","-11.0157"
"2020-03-10","-9.9387"
"2020-03-11","-12.2691"
"2020-03-12","-18.965"
"2020-03-13","-16.2579"
"2020-03-16","-22.6675"
"2020-03-17","-21.6353"
"2020-03-18","-25.1343"
"2020-03-19","-24.9338"
"2020-03-20","-26.851"
"2020-03-23","-30.2174"
"2020-03-24","-25.0538"
"2020-03-25","-22.9311"
"2020-03-26","-19.779"
"2020-03-27","-20.9037"
"2020-03-30","-19.7463"
"2020-03-31","-19.4282"
"2020-04-01","-22.448"
"2020-04-02","-22.9551"
"2020-04-03","-22.7907"
"2020-04-06","-19.3959"
"2020-04-07","-16.8775"
"2020-04-08","-16.2011"
"2020-04-09","-14.7135"
"2020-04-13","-15.719"
"2020-04-14","-14.0177"
"2020-04-15","-14.8284"
"2020-04-16","-15.194"
"2020-04-17","-13.6136"
"2020-04-20","-14.5983"
"2020-04-21","-17.2181"
"2020-04-22","-15.9173"
"2020-04-23","-15.2552"
"2020-04-24","-14.5136"
"2020-04-27","-11.4632"
"2020-04-28","-11.8374"
"2020-04-29","-10.5078"
"2020-04-30","-10.9015"
"2020-05-01","-11.8251"
"2020-05-04","-13.0354"
"2020-05-05","-12.9349"
"2020-05-06","-14.0605"
"2020-05-07","-13.6248"
"2020-05-08","-12.2811"
"2020-05-11","-12.4163"
"2020-05-12","-13.8566"
"2020-05-13","-16.1888"
"2020-05-14","-16.5888"
"2020-05-15","-15.5784"
"2020-05-18","-12.3969"
"2020-05-19","-13.2791"
"2020-05-20","-11.7808"
"2020-05-21","-11.5414"
"2020-05-22","-9.5096"
"2020-05-26","-5.5029"
"2020-05-27","-3.8647"
"2020-05-28","0.6034"
"2020-05-29","3.3034"
"2020-06-01","0.2312"
"2020-06-02","1.0596"
"2020-06-03","0.651"
"2020-06-04","2.47"
"2020-06-05","8.0431"
"2020-06-08","16.1528"
"2020-06-09","13.2861"
"2020-06-10","16.0098"
"2020-06-11","19.7154"
"2020-06-12","15.5286"
"2020-06-15","24.2416"
"2020-06-16","25.4986"
"2020-06-17","30.7821"
"2020-06-18","29.6455"
"2020-06-19","32.4579"
"2020-06-22","38.3863"
"2020-06-23","30.1103"
"2020-06-24","23.3965"
"2020-06-25","18.5266"
"2020-06-26","18.3697"
"2020-06-29","16.768"
"2020-06-30","18.6646"
"2020-07-01","24.5777"
"2020-07-02","25.4092"
"2020-07-06","27.2602"
"2020-07-07","21.1069"
"2020-07-08","17.4064"
"2020-07-09","15.5628"
"2020-07-10","13.5782"
"2020-07-13","15.4139"
"2020-07-14","12.6131"
"2020-07-15","15.1703"
"2020-07-16","15.1241"
"2020-07-17","12.5756"
"2020-07-20","14.1621"
"2020-07-21","18.5615"
"2020-07-22","16.9114"
"2020-07-23","15.4318"
"2020-07-24","13.8375"
"2020-07-27","12.4962"
"2020-07-28","11.9567"
"2020-07-29","10.749"
"2020-07-30","10.9607"
"2020-07-31","13.9783"
"2020-08-03","16.4824"
"2020-08-04","14.9951"
"2020-08-05","16.2512"
"2020-08-06","15.6525"
"2020-08-07","14.453"
"2020-08-10","14.5964"
"2020-08-11","15.554"
"2020-08-12","19.2722"
"2020-08-13","19.9082"
"2020-08-14","18.2599"
"2020-08-17","14.5458"
"2020-08-18","15.25"
"2020-08-19","13.8246"
"2020-08-20","14.2241"
"2020-08-21","14.9792"
"2020-08-24","14.3455"
"2020-08-25","14.0082"
"2020-08-26","13.985"
"2020-08-27","14.9667"
"2020-08-28","14.7166"
"2020-08-31","13.9323"
"2020-09-01","12.7451"
"2020-09-02","14.6169"
"2020-09-03","9.0408"
"2020-09-04","6.1092"
"2020-09-08","4.702"
"2020-09-09","6.1744"
"2020-09-10","10.5722"
"2020-09-11","9.885"
"2020-09-14","11.0726"
"2020-09-15","9.0134"
"2020-09-16","8.9112"
"2020-09-17","7.8129"
"2020-09-18","6.9453"
"2020-09-21","5.1065"
"2020-09-22","5.2123"
"2020-09-23","6.4623"
"2020-09-24","5.8749"
"2020-09-25","8.179"
"2020-09-28","10.2753"
"2020-09-29","8.2807"
"2020-09-30","8.0066"
"2020-10-01","7.5949"
"2020-10-02","5.4457"
"2020-10-05","7.5222"
"2020-10-06","7.0145"
"2020-10-07","8.3128"
"2020-10-08","8.5696"
"2020-10-09","9.1848"
"2020-10-12","11.0268"
"2020-10-13","9.0784"
"2020-10-14","8.9309"
"2020-10-15","7.7404"
"2020-10-16","7.7386"
"2020-10-19","5.7896"
"2020-10-20","5.5531"
"2020-10-21","6.0854"
"2020-10-22","7.1072"
"2020-10-23","6.9775"
"2020-10-26","5.4191"
"2020-10-27","4.4608"
"2020-10-28","2.3791"
"2020-10-29","1.4356"
"2020-10-30","-0.7413"
"2020-11-02","0.1842"
"2020-11-03","0.8929"
"2020-11-04","3.1153"
"2020-11-05","4.9453"
"2020-11-06","4.4827"
"2020-11-09","7.0484"
"2020-11-10","4.8065"
"2020-11-11","5.775"
"2020-11-12","5.0808"
"2020-11-13","5.7852"
"2020-11-16","6.9591"
"2020-11-17","6.6525"
"2020-11-18","6.097"
"2020-11-19","5.2481"
"2020-11-20","4.1868"
"2020-11-23","3.9346"
"2020-11-24","4.494"
"2020-11-25","4.0718"
"2020-11-27","3.9049"
"2020-11-30","3.3039"
"2020-12-01","4.18"
"2020-12-02","2.6237"
"2020-12-03","5.364"
"2020-12-04","7.9638"
"2020-12-07","9.6854"
"2020-12-08","8.8099"
"2020-12-09","9.3711"
"2020-12-10","9.6793"
"2020-12-11","8.2167"
"2020-12-14","7.6686"
"2020-12-15","8.3007"
"2020-12-16","10.2997"
"2020-12-17","12.2361"
"2020-12-18","13.4778"
"2020-12-21","12.288"
"2020-12-22","12.8758"
"2020-12-23","13.845"
"2020-12-24","12.8098"
"2020-12-28","11.4381"
"2020-12-29","11.7676"
"2020-12-30","10.9934"
"2020-12-31","10.7817"
"2021-01-04","10.6802"
"2021-01-05","9.4661"
"2021-01-06","10.6942"
"2021-01-07","11.2133"
"2021-01-08","10.7199"
"2021-01-11","9.4217"
"2021-01-12","7.53"
"2021-01-13","8.2543"
"2021-01-14","8.6619"
"2021-01-15","8.5043"
"2021-01-19","8.5625"
"2021-01-20","11.3321"
"2021-01-21","11.5732"
"2021-01-22","11.4523"
"2021-01-25","11.3654"
"2021-01-26","11.4291"
"2021-01-27","10.6828"
"2021-01-28","11.7206"
"2021-01-29","12.5091"
"2021-02-01","13.706"
"2021-02-02","16.5769"
"2021-02-03","15.784"
"2021-02-04","14.9148"
"2021-02-05","12.7295"
"2021-02-08","11.2367"
"2021-02-09","11.5303"
"2021-02-10","9.027"
"2021-02-11","10.4527"
"2021-02-12","9.915"
"2021-02-16","11.0075"
"2021-02-17","9.58"
"2021-02-18","7.8382"
"2021-02-19","8.4265"
"2021-02-22","8.3211"
"2021-02-23","8.087"
"2021-02-24","9.4515"
"2021-02-25","7.8271"
"2021-02-26","5.3253"
"2021-03-01","6.7847"
"2021-03-02","6.6194"
"2021-03-03","6.0137"
"2021-03-04","3.0902"
"2021-03-05","3.9237"
"2021-03-08","4.5839"
"2021-03-09","5.0112"
"2021-03-10","5.6687"
"2021-03-11","6.5216"
"2021-03-12","6.8506"
"2021-03-15","7.8352"
"2021-03-16","8.4393"
"2021-03-17","8.167"
"2021-03-18","6.6827"
"2021-03-19","5.2243"
"2021-03-22","5.4564"
"2021-03-23","5.8039"
"2021-03-24","5.3584"
"2021-03-25","5.6781"
"2021-03-26","7.087"
"2021-03-29","7.224"
"2021-03-30","6.0377"
"2021-03-31","6.5709"
"2021-04-01","7.415"
"2021-04-05","8.6545"
"2021-04-06","9.8913"
"2021-04-07","9.6341"
"2021-04-08","9.3226"
"2021-04-09","8.5038"
"2021-04-12","8.2397"
"2021-04-13","8.8409"
"2021-04-14","8.9243"
"2021-04-15","9.4177"
"2021-04-16","9.9509"
"2021-04-19","10.5379"
"2021-04-20","9.0972"
"2021-04-21","8.2088"
"2021-04-22","7.6134"
"2021-04-23","8.6112"
"2021-04-26","9.1511"
"2021-04-27","8.5659"
"2021-04-28","11.2333"
"2021-04-29","10.7244"
"2021-04-30","12.3021"
"2021-05-03","11.7229"
"2021-05-04","9.0089"
"2021-05-05","8.9439"
"2021-05-06","8.4511"
"2021-05-07","8.7566"
"2021-05-10","7.6166"
"2021-05-11","5.9155"
"2021-05-12","4.4569"
"2021-05-13","5.0534"
"2021-05-14","6.1209"
"2021-05-17","5.7105"
"2021-05-18","5.568"
"2021-05-19","4.8941"
"2021-05-20","6.1111"
"2021-05-21","7.2375"
"2021-05-24","8.6387"
"2021-05-25","7.4662"
"2021-05-26","8.7836"
"2021-05-27","10.0361"
"2021-05-28","8.6136"
"2021-06-01","8.5136"
"2021-06-02","9.6811"
"2021-06-03","10.8125"
"2021-06-04","10.8087"
"2021-06-07","10.0224"
"2021-06-08","8.8972"
"2021-06-09","8.3112"
"2021-06-10","7.5255"
"2021-06-11","7.8077"
"2021-06-14","7.476"
"2021-06-15","7.1214"
"2021-06-16","6.5804"
"2021-06-17","7.2403"
"2021-06-18","6.7839"
"2021-06-21","6.9028"
"2021-06-22","8.1571"
"2021-06-23","8.6852"
"2021-06-24","9.5452"
"2021-06-25","8.1653"
"2021-06-28","8.0711"
"2021-06-29","8.4677"
"2021-06-30","7.9335"
"2021-07-01","7.5342"
"2021-07-02","6.7117"
"2021-07-06","6.4155"
"2021-07-07","6.7047"
"2021-07-08","5.4035"
"2021-07-09","5.7373"
"2021-07-12","6.13"
"2021-07-13","5.7559"
"2021-07-14","5.8878"
"2021-07-15","4.5981"
"2021-07-16","3.7909"
"2021-07-19","2.6177"
"2021-07-20","4.0764"
"2021-07-21","4.546"
"2021-07-22","5.2162"
"2021-07-23","5.5499"
"2021-07-26","5.482"
"2021-07-27","5.0305"
"2021-07-28","5.0371"
"2021-07-29","5.1733"
"2021-07-30","5.1239"
"2021-08-02","4.7798"
"2021-08-03","6.0005"
"2021-08-04","5.6306"
"2021-08-05","5.7134"
"2021-08-06","4.9941"
"2021-08-09","5.3834"
"2021-08-10","7.1365"
"2021-08-11","8.8609"
"2021-08-12","8.4073"
"2021-08-13","7.1902"
"2021-08-16","7.3623"
"2021-08-17","7.2659"
"2021-08-18","7.7809"
"2021-08-19","5.9136"
"2021-08-20","6.3474"
"2021-08-23","6.5544"
"2021-08-24","6.9523"
"2021-08-25","7.1392"
"2021-08-26","6.5353"
"2021-08-27","6.8893"
"2021-08-30","7.4842"
"2021-08-31","7.4648"
"2021-09-01","8.081"
"2021-09-02","7.4971"
"2021-09-03","7.274"
"2021-09-07","7.0469"
"2021-09-08","6.7218"
"2021-09-09","6.3381"
"2021-09-10","5.5585"
"2021-09-13","5.1722"
"2021-09-14","4.8882"
"2021-09-15","5.7487"
"2021-09-16","5.9511"
"2021-09-17","6.4403"
"2021-09-20","3.308"
"2021-09-21","2.953"
"2021-09-22","3.3471"
"2021-09-23","4.1089"
"2021-09-24","3.9508"
"2021-09-27","3.7143"
"2021-09-28","1.8163"
"2021-09-29","1.6604"
"2021-09-30","0.3768"
"2021-10-01","-0.0647"
"2021-10-04","-0.6161"
"2021-10-05","-0.2114"
"2021-10-06","0.5728"
"2021-10-07","1.2649"
"2021-10-08","0.4231"
"2021-10-11","0.0634"
"2021-10-12","-0.5019"
"2021-10-13","-0.0177"
"2021-10-14","1.9579"
"2021-10-15","4.5269"
"2021-10-18","3.8578"
"2021-10-19","3.7962"
"2021-10-20","3.9299"
"2021-10-21","3.1662"
"2021-10-22","2.8404"
"2021-10-25","3.7188"
"2021-10-26","4.0693"
"2021-10-27","3.2293"
"2021-10-28","4.2413"
"2021-10-29","4.4568"
"2021-11-01","4.5816"
"2021-11-02","4.9574"
"2021-11-03","5.0782"
"2021-11-04","5.4"
"2021-11-05","6.0215"
"2021-11-08","5.9759"
"2021-11-09","5.4537"
"2021-11-10","4.5018"
"2021-11-11","4.1797"
"2021-11-12","4.6591"
"2021-11-15","5.4608"
"2021-11-16","6.3588"
"2021-11-17","6.6577"
"2021-11-18","5.9769"
"2021-11-19","5.1832"
"2021-11-22","4.8016"
"2021-11-23","4.1303"
"2021-11-24","4.691"
"2021-11-26","2.4244"
"2021-11-29","2.7197"
"2021-11-30","1.4701"
"2021-12-01","0.6635"
"2021-12-02","0.5614"
"2021-12-03","0.3225"
"2021-12-06","1.338"
"2021-12-07","3.2832"
"2021-12-08","4.1532"
"2021-12-09","4.4612"
"2021-12-10","5.1164"
"2021-12-13","5.0661"
"2021-12-14","3.7037"
"2021-12-15","4.6769"
"2021-12-16","5.7487"
"2021-12-17","6.4034"
"2021-12-20","4.3622"
"2021-12-21","5.4085"
"2021-12-22","5.3033"
"2021-12-23","6.1393"
"2021-12-27","7.3755"
"2021-12-28","9.5691"
"2021-12-29","9.7002"
"2021-12-30","10.5153"
"2021-12-31","9.9414"
"2022-01-03","10.8964"
"2022-01-04","10.4108"
"2022-01-05","9.0231"
"2022-01-06","6.4958"
"2022-01-07","6.4642"
"2022-01-10","5.9775"
"2022-01-11","7.6123"
"2022-01-12","8.4735"
"2022-01-13","5.8252"
"2022-01-14","4.0031"
"2022-01-18","2.5224"
"2022-01-19","0.9781"
"2022-01-20","-0.4542"
"2022-01-21","-2.5568"
"2022-01-24","-4.258"
"2022-01-25","-4.5826"
"2022-01-26","-4.6518"
"2022-01-27","-4.5921"
"2022-01-28","-4.4018"
"2022-01-31","-2.5008"
"2022-02-01","-1.8434"
"2022-02-02","-1.1335"
"2022-02-03","-3.266"
"2022-02-04","-3.8309"
"2022-02-07","-4.4094"
"2022-02-08","-4.2121"
"2022-02-09","-2.3096"
"2022-02-10","-2.786"
"2022-02-11","-4.4371"
"2022-02-14","-5.9518"
"2022-02-15","-4.7709"
"2022-02-16","-4.9927"
"2022-02-17","-6.0336"
"2022-02-18","-7.2094"
"2022-02-22","-8.3361"
"2022-02-23","-9.3648"
"2022-02-24","-9.5624"
"2022-02-25","-7.1749"
"2022-02-28","-5.4402"
"2022-03-01","-7.081"
"2022-03-02","-4.7793"
"2022-03-03","-4.0162"
"2022-03-04","-5.3674"
"2022-03-07","-6.7186"
"2022-03-08","-8.3429"
"2022-03-09","-8.3156"
"2022-03-10","-9.5282"
"2022-03-11","-9.5391"
"2022-03-14","-10.7098"
"2022-03-15","-9.4036"
"2022-03-16","-6.7118"
"2022-03-17","-6.1953"
"2022-03-18","-5.5209"
"2022-03-21","-3.6986"
"2022-03-22","-1.1377"
"2022-03-23","-3.3691"
"2022-03-24","-3.743"
"2022-03-25","-4.0618"
"2022-03-28","-4.5353"
"2022-03-29","-3.5579"
"2022-03-30","-3.8821"
"2022-03-31","-4.8412"
"2022-04-01","-4.9751"
"2022-04-04","-4.4382"
"2022-04-05","-5.1936"
"2022-04-06","-5.3526"
"2022-04-07","-4.3584"
"2022-04-08","-3.9859"
"2022-04-11","-4.5783"
"2022-04-12","-5.776"
"2022-04-13","-6.2201"
"2022-04-14","-5.7572"
"2022-04-18","-5.4961"
"2022-04-19","-3.1522"
"2022-04-20","-1.9856"
"2022-04-21","-1.8385"
"2022-04-22","-2.6005"
"2022-04-25","-1.917"
"2022-04-26","-3.3143"
"2022-04-27","-3.9103"
"2022-04-28","-2.0909"
"2022-04-29","-4.779"
"2022-05-02","-7.8045"
"2022-05-03","-7.7465"
"2022-05-04","-7.0215"
"2022-05-05","-7.2126"
"2022-05-06","-8.4323"
"2022-05-09","-10.6406"
"2022-05-10","-10.9853"
"2022-05-11","-13.2572"
"2022-05-12","-13.3611"
"2022-05-13","-9.8046"
"2022-05-16","-8.6857"
"2022-05-17","-8.6922"
"2022-05-18","-11.2517"
"2022-05-19","-11.3132"
"2022-05-20","-10.5395"
"2022-05-23","-8.2034"
"2022-05-24","-7.8774"
"2022-05-25","-6.231"
"2022-05-26","-7.1081"
"2022-05-27","-5.1466"
"2022-05-31","-4.2372"
"2022-06-01","-5.8372"
"2022-06-02","-5.2456"
"2022-06-03","-4.5871"
"2022-06-06","-2.5285"
"2022-06-07","-1.5104"
"2022-06-08","-3.3069"
"2022-06-09","-4.5373"
"2022-06-10","-7.3354"
"2022-06-13","-10.119"
"2022-06-14","-11.7214"
"2022-06-15","-12.4126"
"2022-06-16","-16.2438"
"2022-06-17","-17.2765"
"2022-06-21","-15.6301"
"2022-06-22","-16.5479"
"2022-06-23","-15.4356"
"2022-06-24","-13.6883"
"2022-06-27","-13.7885"
"2022-06-28","-15.2392"
"2022-06-29","-17.3646"
"2022-06-30","-17.8658"
"2022-07-01","-16.5119"
"2022-07-05","-16.1326"
"2022-07-06","-15.9044"
"2022-07-07","-14.4692"
"2022-07-08","-12.9918"
"2022-07-11","-14.0277"
"2022-07-12","-14.7425"
"2022-07-13","-14.264"
"2022-07-14","-14.5901"
"2022-07-15","-13.1552"
"2022-07-18","-12.7632"
"2022-07-19","-10.8731"
"2022-07-20","-11.0243"
"2022-07-21","-10.9675"
"2022-07-22","-10.3496"
"2022-07-25","-8.0888"
"2022-07-26","-7.9261"
"2022-07-27","-4.7878"
"2022-07-28","-3.5198"
"2022-07-29","-3.3928"
"2022-08-01","-1.321"
"2022-08-02","-0.6103"
"2022-08-03","-0.6839"
"2022-08-04","-2.4151"
"2022-08-05","-0.8836"
"2022-08-08","0.858"
"2022-08-09","2.7675"
"2022-08-10","4.7384"
"2022-08-11","6.3428"
"2022-08-12","8.6978"
"2022-08-15","6.8696"
"2022-08-16","7.2109"
"2022-08-17","5.0202"
"2022-08-18","8.0753"
"2022-08-19","8.3633"
"2022-08-22","6.4925"
"2022-08-23","4.5999"
"2022-08-24","5.4566"
"2022-08-25","5.4218"
"2022-08-26","1.6287"
"2022-08-29","-2.3152"
"2022-08-30","-3.3169"
"2022-08-31","-3.3502"
"2022-09-01","-4.7211"
"2022-09-02","-4.0483"
"2022-09-06","-5.2988"
"2022-09-07","-4.2757"
"2022-09-08","-3.399"
"2022-09-09","0.1605"
"2022-09-12","4.7502"
"2022-09-13","5.1331"
"2022-09-14","5.3029"
"2022-09-15","3.4918"
"2022-09-16","4.7428"
"2022-09-19","5.6378"
"2022-09-20","2.4924"
"2022-09-21","1.8508"
"2022-09-22","-0.3381"
"2022-09-23","-5.138"
"2022-09-26","-5.9826"
"2022-09-27","-5.1709"
"2022-09-28","-3.12"
"2022-09-29","-3.6153"
"2022-09-30","-4.98"
"2022-10-03","-3.7358"
"2022-10-04","-2.2791"
"2022-10-05","-2.9765"
"2022-10-06","-3.4653"
"2022-10-07","-4.987"
"2022-10-10","-5.5917"
"2022-10-11","-5.1902"
"2022-10-12","-4.9043"
"2022-10-13","-6.0239"
"2022-10-14","-5.8045"
"2022-10-17","-6.7021"
"2022-10-18","-5.7493"
"2022-10-19","-7.0094"
"2022-10-20","-7.1825"
"2022-10-21","-6.127"
"2022-10-24","-3.648"
"2022-10-25","-4.1011"
"2022-10-26","-4.9603"
"2022-10-27","-7.1019"
"2022-10-28","-6.0329"
"2022-10-31","-5.5388"
"2022-11-01","-6.6066"
"2022-11-02","-8.3305"
"2022-11-03","-9.9594"
"2022-11-04","-9.4347"
"2022-11-07","-7.9615"
"2022-11-08","-8.912"
"2022-11-09","-10.7005"
"2022-11-10","-7.8387"
"2022-11-11","-7.1326"
"2022-11-14","-7.6208"
"2022-11-15","-6.6683"
"2022-11-16","-7.3307"
"2022-11-17","-7.0384"
"2022-11-18","-4.5133"
"2022-11-21","-4.5557"
"2022-11-22","-3.6326"
"2022-11-23","-3.8702"
"2022-11-25","-1.9293"
"2022-11-28","-1.4748"
"2022-11-29","-1.0415"
"2022-11-30","1.4587"
"2022-12-01","3.2867"
"2022-12-02","2.7683"
"2022-12-05","2.5049"
"2022-12-06","-0.0935"
"2022-12-07","-1.2205"
"2022-12-08","-2.4413"
"2022-12-09","-3.8265"
"2022-12-12","0.2685"
"2022-12-13","2.5052"
"2022-12-14","2.2428"
"2022-12-15","1.6336"
"2022-12-16","-0.7237"
"2022-12-19","-0.8068"
"2022-12-20","-0.3024"
"2022-12-21","2.6973"
"2022-12-22","3.6157"
"2022-12-23","4.2322"
"2022-12-27","4.5266"
"2022-12-28","2.808"
"2022-12-29","5.2561"
"2022-12-30","5.8613"
"2023-01-03","4.6337"
"2023-01-04","2.4142"
"2023-01-05","1.1069"
"2023-01-06","2.8579"
"2023-01-09","6.5824"
"2023-01-10","7.912"
"2023-01-11","9.8488"
"2023-01-12","10.7385"
"2023-01-13","10.1101"
"2023-01-17","10.159"
"2023-01-18","8.3153"
"2023-01-19","4.7464"
"2023-01-20","6.7276"
"2023-01-23","8.7341"
"2023-01-24","7.7618"
"2023-01-25","5.5272"
"2023-01-26","5.2975"
"2023-01-27","5.7631"
"2023-01-30","5.391"
"2023-01-31","4.797"
"2023-02-01","5.7722"
"2023-02-02","7.7508"
"2023-02-03","8.9742"
"2023-02-06","10.3429"
"2023-02-07","10.134"
"2023-02-08","8.7197"
"2023-02-09","7.2176"
"2023-02-10","8.2037"
"2023-02-13","4.9916"
"2023-02-14","3.7542"
"2023-02-15","3.9811"
"2023-02-16","2.8478"
"2023-02-17","2.5925"
"2023-02-21","1.9282"
"2023-02-22","0.8265"
"2023-02-23","1.3558"
"2023-02-24","-0.6568"
"2023-02-27","-0.738"
"2023-02-28","-1.2504"
"2023-03-01","-0.589"
"2023-03-02","0.253"
"2023-03-03","-0.0968"
"2023-03-06","-0.5073"
"2023-03-07","-1.3427"
"2023-03-08","-0.6211"
"2023-03-09","-0.1594"
"2023-03-10","-1.4719"
"2023-03-13","-2.5673"
"2023-03-14","-0.9983"
"2023-03-15","-2.42"
"2023-03-16","-2.6958"
"2023-03-17","-2.3535"
"2023-03-20","0.4442"
"2023-03-21","3.7371"
"2023-03-22","3.9006"
"2023-03-23","3.6989"
"2023-03-24","2.1326"
"2023-03-27","4.3155"
"2023-03-28","3.6521"
"2023-03-29","5.0192"
"2023-03-30","6.4533"
"2023-03-31","6.6939"
"2023-04-03","7.6366"
"2023-04-04","7.2266"
"2023-04-05","6.3098"
"2023-04-06","7.401"
"2023-04-10","5.9244"
"2023-04-11","5.182"
"2023-04-12","5.1529"
"2023-04-13","4.4651"
"2023-04-14","4.1873"
"2023-04-17","4.0346"
"2023-04-18","3.9872"
"2023-04-19","4.9447"
"2023-04-20","5.9016"
"2023-04-21","4.6387"
"2023-04-24","3.1109"
"2023-04-25","2.0242"
"2023-04-26","1.7889"
"2023-04-27","1.8302"
"2023-04-28","2.1376"
"2023-05-01","3.5158"
"2023-05-02","1.623"
"2023-05-03","0.2315"
"2023-05-04","-2.5505"
"2023-05-05","-0.437"
"2023-05-08","0.6541"
"2023-05-09","-0.447"
"2023-05-10","0.0931"
"2023-05-11","0.5752"
"2023-05-12","1.0487"
"2023-05-15","0.2131"
"2023-05-16","-0.2338"
"2023-05-17","0.341"
"2023-05-18","1.9718"
"2023-05-19","3.1071"
"2023-05-22","4.5305"
"2023-05-23","4.1615"
"2023-05-24","2.8921"
"2023-05-25","4.7125"
"2023-05-26","5.0403"
"2023-05-30","5.8581"
"2023-05-31","5.7798"
"2023-06-01","6.1153"
"2023-06-02","6.0397"
"2023-06-05","5.5233"
"2023-06-06","6.8326"
"2023-06-07","7.284"
"2023-06-08","8.5318"
"2023-06-09","10.9482"
"2023-06-12","12.2319"
"2023-06-13","11.6351"
"2023-06-14","12.6755"
"2023-06-15","12.2032"
"2023-06-16","12.7116"
"2023-06-20","11.2566"
"2023-06-21","9.4112"
"2023-06-22","10.1174"
"2023-06-23","9.9703"
"2023-06-26","9.8434"
"2023-06-27","9.5628"
"2023-06-28","10.3274"
"2023-06-29","9.1792"
"2023-06-30","9.8263"
"2023-07-03","8.733"
"2023-07-05","7.9756"
"2023-07-06","7.2477"
"2023-07-07","7.962"
"2023-07-10","7.5746"
"2023-07-11","8.1288"
"2023-07-12","8.8297"
"2023-07-13","9.7527"
"2023-07-14","9.2148"
"2023-07-17","9.2307"
"2023-07-18","9.6942"
"2023-07-19","9.9001"
"2023-07-20","9.4524"
"2023-07-21","9.926"
"2023-07-24","10.2417"
"2023-07-25","10.495"
"2023-07-26","11.659"
"2023-07-27","12.1301"
"2023-07-28","10.9876"
"2023-07-31","10.3515"
"2023-08-01","9.678"
"2023-08-02","9.6897"
"2023-08-03","9.5425"
"2023-08-04","10.6764"
"2023-08-07","9.2778"
"2023-08-08","8.6853"
"2023-08-09","8.6082"
"2023-08-10","8.5783"
"2023-08-11","8.195"
"2023-08-14","8.6122"
"2023-08-15","7.6949"
"2023-08-16","7.3007"
"2023-08-17","5.7774"
"2023-08-18","4.2686"
"2023-08-21","4.6217"
"2023-08-22","4.8045"
"2023-08-23","6.3627"
"2023-08-24","6.9039"
"2023-08-25","5.8759"
"2023-08-28","5.5802"
"2023-08-29","6.3076"
"2023-08-30","7.833"
"2023-08-31","7.2777"
"2023-09-01","5.773"
"2023-09-05","5.1734"
"2023-09-06","4.3615"
"2023-09-07","3.9672"
"2023-09-08","4.0956"
"2023-09-11","4.1007"
"2023-09-12","3.2407"
"2023-09-13","2.3445"
"2023-09-14","3.0027"
"2023-09-15","0.8346"
"2023-09-18","0.6898"
"2023-09-19","1.172"
"2023-09-20","1.1675"
"2023-09-21","-0.6229"
"2023-09-22","-0.479"
"2023-09-25","-0.3099"
"2023-09-26","-1.85"
"2023-09-27","-2.4636"
"2023-09-28","-2.1564"
"2023-09-29","-3.2701"
"2023-10-02","-3.7678"
"2023-10-03","-4.4984"
"2023-10-04","-3.5062"
"2023-10-05","-3.6719"
"2023-10-06","-2.7196"
"2023-10-09","-2.4674"
"2023-10-10","-2.5493"
"2023-10-11","-3.0659"
"2023-10-12","-3.4763"
"2023-10-13","-3.996"
"2023-10-16","-3.8518"
"2023-10-17","-4.3295"
"2023-10-18","-4.728"
"2023-10-19","-5.4132"
"2023-10-20","-6.8107"
"2023-10-23","-7.5649"
"2023-10-24","-7.079"
"2023-10-25","-7.8468"
"2023-10-26","-9.1948"
"2023-10-27","-10.0226"
"2023-10-30","-9.1096"
"2023-10-31","-7.5432"
"2023-11-01","-6.1017"
"2023-11-02","-4.2898"
"2023-11-03","-3.3774"
"2023-11-06","-2.9151"
"2023-11-07","-2.3046"
"2023-11-08","-2.3914"
"2023-11-09","-2.2453"
"2023-11-10","-1.882"
"2023-11-13","-0.8928"
"2023-11-14","1.6269"
"2023-11-15","2.7705"
"2023-11-16","3.2003"
"2023-11-17","2.7936"
"2023-11-20","3.266"
"2023-11-21","2.5313"
"2023-11-22","3.5118"
"2023-11-24","3.7424"
"2023-11-27","2.8594"
"2023-11-28","1.762"
"2023-11-29","1.1595"
"2023-11-30","0.9724"
"2023-12-01","1.43"
"2023-12-04","1.5325"
"2023-12-05","2.2801"
"2023-12-06","2.6074"
"2023-12-07","2.7117"
"2023-12-08","2.5653"
"2023-12-11","3.2629"
"2023-12-12","3.7034"
"2023-12-13","4.167"
"2023-12-14","6.0895"
"2023-12-15","5.7318"
"2023-12-18","6.7047"
"2023-12-19","7.6201"
"2023-12-20","8.7318"
"2023-12-21","9.2707"
"2023-12-22","9.8599"
"2023-12-26","11.3608"
"2023-12-27","11.9161"
"2023-12-28","11.4409"
"2023-12-29","10.924"
"2024-01-02","10.6563"
"2024-01-03","10.9531"
"2024-01-04","10.5962"
"2024-01-05","10.5229"
"2024-01-08","10.6441"
"2024-01-09","9.9042"
"2024-01-10","9.4757"
"2024-01-11","9.2376"
"2024-01-12","9.8508"
"2024-01-16","9.7678"
"2024-01-17","8.2801"
"2024-01-18","9.1351"
"2024-01-19","11.3721"
"2024-01-22","12.9551"
"2024-01-23","14.5057"
"2024-01-24","15.5483"
"2024-01-25","15.1703"
"2024-01-26","16.441"
"2024-01-29","18.3958"
"2024-01-30","19.2897"
"2024-01-31","16.9009"
"2024-02-01","16.8905"
"2024-02-02","16.9899"
"2024-02-05","14.665"
"2024-02-06","13.5246"
"2024-02-07","14.2832"
"2024-02-08","14.1525"
"2024-02-09","14.5877"
"2024-02-12","15.2415"
"2024-02-13","12.6596"
"2024-02-14","13.0385"
"2024-02-15","11.7579"
"2024-02-16","11.2063"
"2024-02-20","10.4314"
"2024-02-21","10.1102"
"2024-02-22","11.6993"
"2024-02-23","12.191"
"2024-02-26","11.3756"
"2024-02-27","11.2271"
"2024-02-28","11.2921"
"2024-02-29","11.6121"
"2024-03-01","12.2571"
"2024-03-04","12.5869"
"2024-03-05","10.8362"
"2024-03-06","11.6841"
"2024-03-07","12.5232"
"2024-03-08","12.6587"
"2024-03-11","11.5216"
"2024-03-12","12.1074"
"2024-03-13","11.8615"
"2024-03-14","11.1599"
"2024-03-15","8.8424"
"2024-03-18","8.8898"
"2024-03-19","9.618"
"2024-03-20","9.9898"
"2024-03-21","10.2664"
"2024-03-22","10.8224"
"2024-03-25","10.3081"
"2024-03-26","9.7175"
"2024-03-27","9.7916"
"2024-03-28","9.9716"
"2024-04-01","9.5778"
"2024-04-02","9.0247"
"2024-04-03","9.9675"
"2024-04-04","10.0522"
"2024-04-05","10.5025"
"2024-04-08","10.8201"
"2024-04-09","9.6477"
"2024-04-10","8.6054"
"2024-04-11","8.5217"
"2024-04-12","7.6412"
"2024-04-15","6.4886"
"2024-04-16","6.1519"
"2024-04-17","6.4271"
"2024-04-18","5.3465"
"2024-04-19","3.3149"
"2024-04-22","3.1748"
"2024-04-23","4.0203"
"2024-04-24","3.8978"
"2024-04-25","2.9773"
"2024-04-26","4.1536"
"2024-04-29","3.9596"
"2024-04-30","2.7774"
"2024-05-01","3.6836"
"2024-05-02","3.2991"
"2024-05-03","3.5615"
"2024-05-06","4.6928"
"2024-05-07","4.8509"
"2024-05-08","3.8928"
"2024-05-09","4.2027"
"2024-05-10","4.1117"
"2024-05-13","3.8944"
"2024-05-14","5.7899"
"2024-05-15","6.2331"
"2024-05-16","5.7046"
"2024-05-17","5.6731"
"2024-05-20","6.7917"
"2024-05-21","6.9758"
"2024-05-22","4.5951"
"2024-05-23","3.847"
"2024-05-24","4.3397"
"2024-05-28","4.5159"
"2024-05-29","3.9985"
"2024-05-30","3.0181"
"2024-05-31","2.5106"
"2024-06-03","2.6786"
"2024-06-04","3.9211"
"2024-06-05","4.4339"
"2024-06-06","4.0409"
"2024-06-07","4.0472"
"2024-06-10","4.7373"
"2024-06-11","3.9475"
"2024-06-12","5.0415"
"2024-06-13","5.2769"
"2024-06-14","6.2622"
"2024-06-17","6.2605"
"2024-06-18","6.5471"
"2024-06-20","5.5341"
"2024-06-21","4.1423"
"2024-06-24","4.315"
"2024-06-25","4.6234"
"2024-06-26","4.8749"
"2024-06-27","4.6026"
"2024-06-28","4.2656"
"2024-07-01","4.2252"
"2024-07-02","5.6212"
"2024-07-03","6.0275"
"2024-07-05","7.1698"
"2024-07-08","7.2665"
"2024-07-09","7.177"
"2024-07-10","8.0635"
"2024-07-11","8.5758"
"2024-07-12","8.4701"
"2024-07-15","9.7835"
"2024-07-16","11.0803"
"2024-07-17","10.7007"
"2024-07-18","10.4071"
"2024-07-19","9.9034"
"2024-07-22","11.5114"
"2024-07-23","11.103"
"2024-07-24","7.902"
"2024-07-25","7.0855"
"2024-07-26","8.4949"
"2024-07-29","7.2639"
"2024-07-30","6.5312"
"2024-07-31","9.1423"
"2024-08-01","8.5454"
"2024-08-02","5.8273"
"2024-08-05","1.2288"
"2024-08-06","1.506"
"2024-08-07","1.0398"
"2024-08-08","2.1747"
"2024-08-09","2.5027"
"2024-08-12","2.3595"
"2024-08-13","3.664"
"2024-08-14","3.9"
"2024-08-15","4.4333"
"2024-08-16","4.5218"
"2024-08-19","5.4713"
"2024-08-20","5.4112"
"2024-08-21","5.3714"
"2024-08-22","5.3858"
"2024-08-23","6.2358"
"2024-08-26","6.1238"
"2024-08-27","5.9536"
"2024-08-28","6.0939"
"2024-08-29","7.0147"
"2024-08-30","7.1058"
"2024-09-03","5.2345"
"2024-09-04","4.5712"
"2024-09-05","3.2802"
"2024-09-06","1.7869"
"2024-09-09","2.0805"
"2024-09-10","2.3127"
"2024-09-11","2.7229"
"2024-09-12","2.7956"
"2024-09-13","3.6373"
"2024-09-16","3.7165"
"2024-09-17","3.2494"
"2024-09-18","2.864"
"2024-09-19","4.2404"
"2024-09-20","4.2586"
"2024-09-23","4.6431"
"2024-09-24","4.7652"
"2024-09-25","4.6526"
"2024-09-26","4.8213"
"2024-09-27","4.8038"
"2024-09-30","5.0485"
"2024-10-01","4.0818"
"2024-10-02","3.1533"
"2024-10-03","2.5469"
"2024-10-04","2.9249"
"2024-10-07","2.2697"
"2024-10-08","2.186"
"2024-10-09","3.1505"
"2024-10-10","2.8195"
"2024-10-11","2.9549"
"2024-10-14","3.4395"
"2024-10-15","4.1313"
"2024-10-16","4.9007"
"2024-10-17","6.0358"
"2024-10-18","5.5162"
"2024-10-21","5.1256"
"2024-10-22","7.2062"
"2024-10-23","6.8255"
"2024-10-24","6.2916"
"2024-10-25","6.5493"
"2024-10-28","7.1382"
"2024-10-29","5.5222"
"2024-10-30","6.4319"
"2024-10-31","7.1455"
"2024-11-01","10.6999"
"2024-11-04","8.9459"
"2024-11-05","9.9254"
"2024-11-06","11.6544"
"2024-11-07","11.8542"
"2024-11-08","12.1285"
"2024-11-11","10.8188"
"2024-11-12","9.9292"
"2024-11-13","8.2202"
"2024-11-14","7.4203"
"2024-11-15","5.1839"
"2024-11-18","5.1352"
"2024-11-19","5.2407"
"2024-11-20","5.4671"
"2024-11-21","5.5708"
"2024-11-22","6.0021"
"2024-11-25","6.6382"
"2024-11-26","7.4663"
"2024-11-27","7.0122"
"2024-11-29","7.137"
"2024-12-02","8.904"
"2024-12-03","9.4009"
"2024-12-04","10.3005"
"2024-12-05","11.6489"
"2024-12-06","11.4308"
"2024-12-09","10.6804"
"2024-12-10","9.7585"
"2024-12-11","8.985"
"2024-12-12","7.7964"
"2024-12-13","7.6104"
"2024-12-16","7.6513"
"2024-12-17","7.1813"
"2024-12-18","3.8927"
"2024-12-19","3.6541"
"2024-12-20","3.4957"
"2024-12-23","3.9403"
"2024-12-24","5.101"
"2024-12-26","4.9502"
"2024-12-27","3.9298"
"2024-12-30","2.8056"
"2024-12-31","3.0702"
"2025-01-02","3.0657"
"2025-01-03","3.9851"
"2025-01-06","4.3291"
"2025-01-07","3.9129"
"2025-01-08","2.8424"
"2025-01-10","1.0183"
"2025-01-13","0.5954"
"2025-01-14","0.56"
"2025-01-15","1.4626"
"2025-01-16","1.9332"
"2025-01-17","2.7785"
"2025-01-21","3.0932"
"2025-01-22","3.8264"
"2025-01-23","4.3417"
"2025-01-24","4.4245"
"2025-01-27","3.4357"
"2025-01-28","4.1057"
"2025-01-29","3.6507"
"2025-01-30","3.9161"
"2025-01-31","3.9997"
"2025-02-03","2.6357"
"2025-02-04","5.176"
"2025-02-05","5.2387"
"2025-02-06","6.1513"
"2025-02-07","4.9299"
"2025-02-10","2.5295"
"2025-02-11","1.5874"
"2025-02-12","0.6923"
"2025-02-13","1.5001"
"2025-02-14","2.1893"
"2025-02-18","2.2318"
"2025-02-19","2.9101"
"2025-02-20","3.9362"
"2025-02-21","2.6506"
"2025-02-24","1.7764"
"2025-02-25","0.893"
"2025-02-26","0.5483"
"2025-02-27","-0.9575"
"2025-02-28","-1.2405"
"2025-03-03","-2.1688"
"2025-03-04","-3.4759"
"2025-03-05","-3.5596"
"2025-03-06","-4.8287"
"2025-03-07","-5.0524"
"2025-03-10","-7.405"
"2025-03-11","-8.2067"
"2025-03-12","-8.1271"
"2025-03-13","-8.6099"
"2025-03-14","-7.323"
"2025-03-17","-6.7081"
"2025-03-18","-7.1989"
"2025-03-19","-6.3082"
"2025-03-20","-6.6558"
"2025-03-21","-6.9219"
"2025-03-24","-3.3257"
"2025-03-25","-2.2318"
"2025-03-26","-3.1508"
"2025-03-27","-4.2039"
"2025-03-28","-6.7354"
"2025-03-31","-7.4882"
"2025-04-01","-5.941"
"2025-04-02","-4.3993"
"2025-04-03","-7.9363"
"2025-04-04","-12.53"
"2025-04-07","-14.7732"
"2025-04-08","-15.5446"
"2025-04-09","-10.3132"
"2025-04-10","-11.209"
"2025-04-11","-8.8568"
"2025-04-14","-6.9733"
"2025-04-15","-7.3267"
"2025-04-16","-10.8158"
"2025-04-17","-10.9982"
"2025-04-21","-13.8635"
"2025-04-22","-12.6907"
"2025-04-23","-11.26"
"2025-04-24","-10.7095"
"2025-04-25","-9.8694"
"2025-04-28","-8.0437"
"2025-04-29","-8.2351"
"2025-04-30","-8.4524"
"2025-05-01","-7.2811"
"2025-05-02","-6.3608"
"2025-05-05","-5.4061"
"2025-05-06","-6.7865"
"2025-05-07","-6.9811"
"2025-05-08","-6.5181"
"2025-05-09","-6.3213"
"2025-05-12","-3.8641"
"2025-05-13","-3.0238"
"2025-05-14","-2.4529"
"2025-05-15","-3.0907"
"2025-05-16","-2.8299"
"2025-05-19","-2.8869"
"2025-05-20","-3.226"
"2025-05-21","-3.9266"
"2025-05-22","-3.2375"
"2025-05-23","-3.3511"
"2025-05-27","-1.1674"
"2025-05-28","-1.0353"
"2025-05-29","0.0905"
"2025-05-30","-0.4279"
"2025-06-02","0.5423"
"2025-06-03","2.9127"
"2025-06-04","2.7771"
"2025-06-05","3.4881"
"2025-06-06","4.5313"
"2025-06-09","6.7455"
"2025-06-10","7.9954"
"2025-06-11","7.7593"
"2025-06-12","8.8429"
"2025-06-13","6.9244"
"2025-06-16","6.3641"
"2025-06-17","6.5836"
"2025-06-18","5.6139"
"2025-06-20","5.177"
"2025-06-23","6.2647"
"2025-06-24","5.735"
"2025-06-25","5.5466"
"2025-06-26","7.0346"
"2025-06-27","8.1748"
"2025-06-30","10.4419"
"2025-07-01","11.0998"
"2025-07-02","10.7273"
"2025-07-03","11.1042"
"2025-07-07","14.8769"
"2025-07-08","21.2054"
"2025-07-09","23.8739"
"2025-07-10","24.1676"
"2025-07-11","17.5892"
"2025-07-14","19.4188"
"2025-07-15","17.707"
"2025-07-16","15.4422"
"2025-07-17","16.2563"
"2025-07-18","18.9205"
"2025-07-21","19.4222"
"2025-07-22","22.0681"
"2025-07-23","20.4609"
"2025-07-24","17.9491"
"2025-07-25","17.1794"
"2025-07-28","16.1142"
"2025-07-29","15.6934"
"2025-07-30","14.7957"
"2025-07-31","15.1351"
"2025-08-01","11.1253"
"2025-08-04","11.2193"
"2025-08-05","11.5707"
"2025-08-06","12.8187"
"2025-08-07","12.9285"
"2025-08-08","12.4627"
"2025-08-11","12.6832"
"2025-08-12","10.2867"
"2025-08-13","9.9502"
"2025-08-14","9.6929"
"2025-08-15","9.3698"
"2025-08-18","8.5209"
"2025-08-19","8.0917"
"2025-08-20","7.5553"
"2025-08-21","8.54"
"2025-08-22","10.1615"
"2025-08-25","11.1482"
"2025-08-26","9.7309"
"2025-08-27","9.6708"
"2025-08-28","9.858"
"2025-08-29","9.7672"
"2025-09-02","8.1963"
"2025-09-03","8.033"
"2025-09-04","8.5175"
"2025-09-05","8.9552"
"2025-09-08","8.2963"
"2025-09-09","8.2799"
"2025-09-10","8.4042"
"2025-09-11","9.0746"
"2025-09-12","9.2085"
"2025-09-15","10.4195"
"2025-09-16","9.6074"
"2025-09-17","9.9753"
"2025-09-18","10.7118"
"2025-09-19","11.3075"
"2025-09-22","11.3646"
"2025-09-23","9.5977"
"2025-09-24","9.0107"
"2025-09-25","7.6025"
"2025-09-26","7.5966"
"2025-09-29","7.4893"
"2025-09-30","7.6911"
"2025-10-01","7.7161"
"2025-10-02","7.0713"
"2025-10-03","7.9175"
"2025-10-06","8.1425"
"2025-10-07","7.4927"
"2025-10-08","7.466"
"2025-10-09","7.7165"
"2025-10-10","5.7721"
"2025-10-13","6.19"
"2025-10-14","6.1184"
"2025-10-15","6.0464"
"2025-10-16","5.4659"
"2025-10-17","5.2757"
"2025-10-20","6.6851"
"2025-10-21","6.117"
"2025-10-22","5.1739"
"2025-10-23","5.3809"
"2025-10-24","6.3255"
"2025-10-27","7.5791"
"2025-10-28","8.2535"
"2025-10-29","8.2651"
"2025-10-30","9.5456"
"2025-10-31","8.3905"
"2025-11-03","8.5536"
"2025-11-04","7.1492"
"2025-11-05","7.073"
"2025-11-06","5.6503"
"2025-11-07","4.9085"
"2025-11-10","6.051"
"2025-11-11","5.768"
"2025-11-12","6.021"
"2025-11-13","4.7292"
"2025-11-14","4.2177"
"2025-11-17","4.1173"
"2025-11-18","3.6813"
"2025-11-19","4.2672"
"2025-11-20","2.6396"
"2025-11-21","2.2962"
"2025-11-24","3.5265"
"2025-11-25","3.9873"
"2025-11-26","4.8546"
"2025-11-28","5.7608"
"2025-12-01","6.594"
"2025-12-02","6.0293"
"2025-12-03","5.4955"
"2025-12-04","5.5755"
"2025-12-05","5.7947"
"2025-12-08","5.3084"
"2025-12-09","4.7834"
"2025-12-10","4.4833"
"2025-12-11","4.4172"
"2025-12-12","3.4584"
"2025-12-15","3.2686"
"2025-12-16","3.024"
"2025-12-17","1.7923"
"2025-12-18","2.1869"
"2025-12-19","2.0964"
"2025-12-22","2.9234"
"2025-12-23","3.76"
"2025-12-24","4.9263"
"2025-12-26","4.4988"
"2025-12-29","3.6317"
"2025-12-30","3.3949"
"2025-12-31","2.5044"
"2026-01-02","2.1574"
"2026-01-05","2.6606"
"2026-01-06","2.8968"
"2026-01-07","3.1387"
"2026-01-08","2.5737"
"2026-01-09","3.1897"
"2026-01-12","5.1555"
"2026-01-13","4.6918"
"2026-01-14","4.3857"
"2026-01-15","4.2425"
"2026-01-16","4.508"
"2026-01-20","2.5464"
"2026-01-21","2.0634"
"2026-01-22","2.6198"
"2026-01-23","3.2075"
"2026-01-26","3.2058"
"2026-01-27","2.6691"
"2026-01-28","1.6708"
"2026-01-29","0.7342"
"2026-01-30","0.6476"
"2026-02-02","1.7677"
"2026-02-03","1.1796"
"2026-02-04","0.5036"
"2026-02-05","0.3606"
"2026-02-06","1.5335"
"2026-02-09","3.0624"
"2026-02-10","3.8467"
"2026-02-11","1.9439"
"2026-02-12","0.5716"
"2026-02-13","-0.1825"
"2026-02-17","0.9958"
"2026-02-18","2.3577"
"2026-02-19","2.531"
"2026-02-20","4.0463"
"2026-02-23","3.2202"
"2026-02-24","3.8243"
"2026-02-25","5.1914"
"2026-02-26","3.3279"
"2026-02-27","1.9239"
"2026-03-02","0.7321"
"2026-03-03","-0.7306"
"2026-03-04","0.4819"
"2026-03-05","-0.1091"
"2026-03-06","-1.4762"
"2026-03-09","-1.488"
"2026-03-10","-1.1347"
"2026-03-11","-1.0766"
"2026-03-12","-2.313"
"2026-03-13","-3.006"
"2026-03-16","-2.5415"
"2026-03-17","-1.7016"
"2026-03-18","-2.6103"
"2026-03-19","-2.8001"
"2026-03-20","-3.6114"
"2026-03-23","-2.961"
"2026-03-24","-3.8299"
"2026-03-25","-3.8439"
"2026-03-26","-5.5956"
"2026-03-27","-7.6921"
"2026-03-30","-8.1893"
"2026-03-31","-5.9744"
"2026-04-01","-4.6258"
"2026-04-02","-4.4783"
"2026-04-06","-3.6924"
"2026-04-07","-4.5379"
"2026-04-08","-2.2858"
"2026-04-09","-1.8342"
"2026-04-10","-1.3387"
"2026-04-13","-1.4231"
"2026-04-14","-0.2488"
"2026-04-15","0.6347"
"2026-04-16","1.6851"
"2026-04-17","2.3738"
"2026-04-20","2.3487"
"2026-04-21","3.8785"
"2026-04-22","3.8304"
"2026-04-23","2.7121"
"2026-04-24","3.3894"
"2026-04-27","3.1934"
"2026-04-28","2.3125"
"2026-04-29","2.1536"
"2026-04-30","3.515"
"2026-05-01","4.4707"
"2026-05-04","3.5239"
"2026-05-05","4.8191"
"2026-05-06","6.6447"
"2026-05-07","7.872"
"2026-05-08","7.0981"
"2026-05-11","6.6588"
"2026-05-12","6.1784"
"2026-05-13","6.9004"
"2026-05-14","8.9582"
"2026-05-15","8.5571"
"2026-05-18","8.3134"
"2026-05-19","7.0273"
"2026-05-20","8.0304"
"2026-05-21","7.9273"
"2026-05-22","9.0756"
"2026-05-26","9.5048"
"2026-05-27","8.3359"
"2026-05-28","9.2905"
"2026-05-29","10.4532"
"2026-06-01","10.7398"
"2026-06-02","12.0102"
"2026-06-03","10.4672"
"2026-06-04","10.9878"
"2026-06-05","10.2886"
"2026-06-08","10.0055"
"2026-06-09","8.4135"
"2026-06-10","7.8527"
"2026-06-11","9.9118"
"2026-06-12","11.2841"
"2026-06-15","12.7003"
"2026-06-16","11.9468"
"2026-06-17","12.0456"
"2026-06-18","13.1894"
"2026-06-22","14.755"
"2026-06-23","11.8447"
"2026-06-24","12.4453"
"2026-06-25","11.7305"
"2026-06-26","12.2041"
"2026-06-29","15.9588"
"2026-06-30","17.5671"
"2026-07-01","15.3475"
"2026-07-02","13.6956"
"2026-07-06","14.9025"
"2026-07-07","13.6619"
"2026-07-08","13.2581"
"2026-07-09","11.0997"
"2026-07-10","10.9901"
"2026-07-13","10.3503"
"2026-07-14","9.9977"
"2026-07-15","8.8549"
"2026-07-16","7.5797"
"2026-07-17","6.1061"
"2026-07-20","4.8884"
"2026-07-21","5.4938"
"2026-07-22","5.9396"
"2026-07-23","3.9922"
"2026-07-24","4.5617"
"2026-07-27","3.8865"
"2026-07-28","3.571"
"2026-07-29","3.1596"
"2026-07-30","4.0607"
"2026-07-31","3.942"
"2026-08-03","4.5734"
"2026-08-04","6.9667"
"2026-08-05","6.7203"
"2026-08-06","5.0814"
"2026-08-07","5.4304"
"2026-08-10","4.951"
"2026-08-11","4.4136"
"2026-08-12","4.9718"
"2026-08-13","4.9363"
"2026-08-14","3.9848"
"2026-08-17","4.565"
"2026-08-18","4.0846"
"2026-08-19","4.8445"
"2026-08-20","3.4181"
"2026-08-21","3.2869"
"2026-08-24","2.3094"
"2026-08-25","1.9835"
"2026-08-26","2.1022"
"2026-08-27","2.286"
"2026-08-28","1.9262"
"2026-08-31","1.155"
"2026-09-01","0.4045"
"2026-09-02","1.1784"
"2026-09-03","2.1078"
"2026-09-04","3.8708"
